crispy parmesan chicken,carrots,scallions,garlic,lemon,panko breadcrumbs,parmesan cheese,hot smoked paprika,chicken cutlets,sour cream,israeli couscous,,,
sheet pan dijon onion crunch chicken,chicken cutlets,honey dijon dressing,monterey jack cheese,crispy fried onions,green beens,garlic powder,ciabatta,,,,,,
one-pot chicken sausage and chickepa soup,yellow onion,chickpea,italian chicken sausage mix,tomatoe paste,italian seasoning,chicken stock concentrates,spinach,,,,,,
sheet pan monterey jack un-fried chicken,potatoes,carrots,panko bread crumbs,monterey jack cheese,ranch spice,chicken cutlets,mayonnaise,sriracha,,,,,
creamy caramelized onion meatloaves,carrots,zucchini,ground beef,panko breadcrumbs,gralic powder,yellow onion,parsley,cream cheese,chicken stock concentrate,sumac,,,
onion crunch chicken,sweet potatoes,crispy fried onions,monterey jack cheese,chicken cutlets,honey dijon dressing,broccolie florets,sour cream,,,,,,
pork sausasge rigatoni rosa,rigatoni pasta,zucchini,garlic,italian pork sausage,tomatoe paste,cream cheese,chicken stock concentrate,chili flakes,parmesan cheese,,,,
firehouse cheeseburgers,potatoes,garlic powder,sour cream,buttermilk ranch dressing,franks seasoning,hot sauce,ground beef,monterey jack cheese,potatoe buns,crispy fried onions,,,
one-pan beef enchiladas verdes,long green pepper,sour cream,hot sauce,ground beef,southwest spice blend,green salsa,flour tortillas,mexican sheese blend,,,,,
meatloaves with creamy thyme sauce,potatoes,shallot,brussels sprouts,ground beef,panko breadcrumbs,garlic powder,thyme,beef stock concentrate,sour cream,,,,
pork and zucchini bibimbap,jasmine rice,scallions,carrots,zucchini,ginger,garlic,white wine vinegar,sesame oil,soy sauce,gochujang sauce,ground pork,,
itialian chicken over lemony spaghetti,zucchini,garlic,lemon,spaghetti,chicken cutlets,itialian seasoning,chili flakes,chicken stock concentrate,sour cream,,,,
sesame soy pork bowls,jasmine rice,ground pork,mayonnaise,sriracha,shredded carrots,sweet soy glaze,sesame dressing,crispy fried onions,lime,,,,
one-pan pork carnitas tacos,yellow onion,long green pepper,tomatoe,cilantro,white wine vinegar,ground pork,southwest spice blend,chicken stock concentrate,tomato paste,sour cream,chipotle powder,flour tortillas,monterey jack cheese
fully loaded pork taquitos,yellow onion,ground pork,southwest spice blend,tex-mex paste,flour tortillas,mexican cheese blend,lime ,tomato,sour cream,guacamole,hot sauce,,
one-pan santa fe pork tacos,yellow onion,cilantro,lemon,ground pork,southwest spice blend,shredded red cabbage,mayonnase,tex-mex paste,flour tortillas,monterey jack cheese,sour cream,,
"zucchini, mozz and sundried tomato panini",potatoes,itialian seasoning,zucchini,green herb blend,ciabattas,sun-dried tomatoes,garlic powder,mayonnaise,soure cream,mozzarella cheese,,,
roasted garlic and zucchini flatbreads,zucchini,grape tomatoes,garlic,chives,italian seasoning,flatbreads,flour,garlic podwer,cream cheese,mozzarella cheese,chili flakes,,
Italian chicken and pepper sandos,potatoes,yellow onion,long green pepper,mayonnaise,sour cream,garlic powder,demi-baguettes,chicken breast strips,italian seasoning,chicken stock concentrate,mozzarella cheese,,
melty monterey jack burgers,balsamic vinegar,potatoes,ground beef,mayonnaise,ketchup,fry seasoning,monterey jack cheese,potatoe buns,yellow onion,garlic,,,
saucy pork burrito bowls,jasmine rice,roma tomato,yellow onion,white wine vinegar,pobalno pepper,scallions,ground pork,smoky red pepper crema,tex-mex paste,,,,
pork sausage and bell pepper risotto,chicken stock concentrate,scallions,garlic,bell pepper,lemon,italian pork sausage,arborio rice,italian seasoning,parmesan cheese,,,,
tunisian-spiced meatballs,carrots,scallions,lemon,apricot jam,chicken stock concentrate,israeli couscous,ground beef,panko breadcrumbs,tunisian spice blend,,,,
banh mi-style meatball bowls,ginger,garlic,cucumber,lime,jasmine rice,ground beef,panko breadcrumbs,ponzu sauce,shredded carrots,mayonnaise,sriracha,sweet soy glaze,
curried turkey bowls,lemon,scallions,ginger,chili pepper,basmati rice,shredded red cabbage,curry powder,ground turkey,garlic powder,apricot jam,sour cream,dried apricots,chicken stock concentrate
kickin' cajun pork sausage stuffed peppers,jasmine rice,bell peppers,celery,scallions,italian pork sausage,cajun spice blend,chicken stock concentrate,pepper jack cheese,sour cream,hot sauce,,,
spiced chicken and roasted carrot bowls,carrots,scallions,lemon,basmati rice,sliced almonds,chicken breast strips,turkish spice blend,dried apricots,hummus,yogurt,,,
creamy dreamy mushroom cavatappi,button mushrooms,scallions,cavatappi pasta,flour,milk,cream cheese,garlic herb butter,parmesan cheese,,,,,
chicken sausage and bell pepper gnocchi,bell pepper,garlic,scallions,roma tomato,italian chicken sausage mix,chicken stock concentrate,cream sauce base,parmesan cheese,gnocchi,,,,
balsamic fig chicken ,potatoes,shallot,roasemary,lemon,chicken cutlets,balsamic vinegar,fig jam,chicken stock concentrate,mixed greens,,,,
cheesey smothered mushroom chicken,carrots,button mushrooms,scallions,potatoes,chicken cutlets,sour cream,shicken stock concentrate,monterey jack cheese,,,,,
mozzarella and herb chicken ,carrots,lemon,panko breadcrumbs,mozzarella cheese,italian seasoning,chili flakes,chicken cutlets,sour cream,israeli couscous,chicken stock concentrate,,,
creamy lemon butter chicken,zucchini,scallions,lemon,panko breadcrumbs,parmesan cheese,tuscan heat spice,chicken cutlets,israeli couscous,chicken stock concentrate,sour cream,,,
lemon-dill chicken sausage couscous,zucchini,garlic,onion,dill,lemon,israeli couscous,italian chicken sausage mix,chicken stock concentrate,cream sauce base,cream cheese,,,
moo shu pork bowls,scallions,lime,ground pork,shredded red cabbage,hoisin sauce,sweet thai chili sauce,sweet soy glaze,jasmine rice,sesame seeds,,,,
chicken sausage and sweet potato soup,italian seasoning,onion,sweet potato,kale,italian chicken sausage mix,chicken stock concentrate,demi-baguette,parmesan cheese,,,,,
carmelized onion swissburgers,potatoes,garlic,yellow onion,fry seasoning,ground beef,swiss cheese,mayonnaise,spicy-horseradish paste,potato buns,,,,
beef flautas supreme,yellow onion,ground beef,southwest spice blend,tex-mex paste,flour tortillas,medican cheese blend,tomato,smoky red pepper crema,,,,,
meatloaf a la mom,potatoes,yellow onion,garlic,parsley,ground beef,panko breadcrumbs,ketchup,broccoli florets,flour,beef stock concentrate,,,